/*
Navicat MySQL Data Transfer

Source Server         : localhost_3306
Source Server Version : 50553
Source Host           : localhost:3306
Source Database       : website

Target Server Type    : MYSQL
Target Server Version : 50553
File Encoding         : 65001

Date: 2019-08-01 17:49:56
*/

SET FOREIGN_KEY_CHECKS=0;

-- ----------------------------
-- Table structure for pre_admin
-- ----------------------------
DROP TABLE IF EXISTS `pre_admin`;
CREATE TABLE `pre_admin` (
  `admin_id` int(11) unsigned NOT NULL AUTO_INCREMENT,
  `admin_email` varchar(255) NOT NULL,
  `admin_password` varchar(50) NOT NULL,
  `addtime` int(255) unsigned DEFAULT NULL,
  `login_time` int(255) unsigned DEFAULT NULL,
  PRIMARY KEY (`admin_id`)
) ENGINE=MyISAM AUTO_INCREMENT=3 DEFAULT CHARSET=utf8;

-- ----------------------------
-- Records of pre_admin
-- ----------------------------
INSERT INTO `pre_admin` VALUES ('1', '365359601@qq.com', '123456', null, null);
INSERT INTO `pre_admin` VALUES ('2', '36535960@qq.com', 'e10adc3949ba59abbe56e057f20f883e', '1564453110', null);

-- ----------------------------
-- Table structure for pre_article
-- ----------------------------
DROP TABLE IF EXISTS `pre_article`;
CREATE TABLE `pre_article` (
  `art_id` int(11) unsigned NOT NULL AUTO_INCREMENT,
  `title` varchar(255) DEFAULT NULL COMMENT '标题',
  `description` varchar(255) DEFAULT NULL COMMENT '描述',
  `author` varchar(255) DEFAULT NULL COMMENT '作者',
  `addtime` int(11) unsigned DEFAULT NULL COMMENT '发布时间',
  `updatetime` int(11) unsigned DEFAULT NULL,
  `reading` int(11) unsigned DEFAULT NULL COMMENT '阅读量',
  `content` text COMMENT '内容',
  `like` int(11) unsigned DEFAULT NULL COMMENT '点赞',
  `recommend` tinyint(1) DEFAULT '0' COMMENT '推荐 (是否推荐，0不推荐1推荐) ',
  `cate_id` int(11) DEFAULT NULL COMMENT '分类id',
  PRIMARY KEY (`art_id`),
  KEY `cate_id` (`cate_id`)
) ENGINE=MyISAM AUTO_INCREMENT=13 DEFAULT CHARSET=utf8;

-- ----------------------------
-- Records of pre_article
-- ----------------------------
INSERT INTO `pre_article` VALUES ('1', '\r\n个人博客，属于我的小世界！', '个人博客，用来做什么？我刚开始就把它当做一个我吐槽心情的地方，也就相当于一个网络记事本，写上一些关于自己生活工作中的小情小事，也会放上一些照片，音乐。每天工作回家后就能访问自己的网站，一边听着音乐，一边写写文章。', '杨青', null, null, '4589', '本文很长，记录了我博客建站初到现在的过程，还有我从毕业到现在的一个状态，感谢您的阅读，如果你还是学生，也许你能从此文中，找到我们曾经相似的地方。如果你已经工作，有自己的博客，我想，你并没有忘记当初建立个人博客的初衷吧！\r\n\r\n我的个人博客已经建站有8年的时间了，对它的热爱，一直都是只增未减。回想大学读书的那几年，那会儿非常流行QQ空间，我们寝室的室友还经常邀约去学校的网吧做自己的空间。系里有个男生，空间做得非常漂亮，什么悬浮，开场动画，音乐播放器，我们女生羡慕得不得了。还邀约他跟我们一起去通宵弄空间，网上可以找到很多免费的flash资源，还有音乐，那也是第一次接触js，知道在浏览器输入一个地址，修改一下数据，就能调用一些背景出来。然后把自己QQ空间弄得漂漂亮亮的，经常邀约室友来互踩。我记得08年地震，第二天晚上，我们寝室的几个人还淡定的在寝室装扮空间呢！\r\n\r\n后来空间收费项目也多了，官方漏洞也修复了，加上临近毕业，又要忙着做毕业设计，就没再打理QQ空间。我知道现在的九零后，零零后，你们肯定没看过《一帘幽梦》，那会儿我也是疯狂追剧，喜欢上紫菱，喜欢上她的网站。想看看她的小世界，而我更想学着做一个她那样的网站。那会儿还天真的以为网上真的有她的网站，百度搜了好些天也没有。\r\n本文很长，记录了我博客建站初到现在的过程，还有我从毕业到现在的一个状态，感谢您的阅读，如果你还是学生，也许你能从此文中，找到我们曾经相似的地方。如果你已经工作，有自己的博客，我想，你并没有忘记当初建立个人博客的初衷吧！\r\n\r\n我的个人博客已经建站有8年的时间了，对它的热爱，一直都是只增未减。回想大学读书的那几年，那会儿非常流行QQ空间，我们寝室的室友还经常邀约去学校的网吧做自己的空间。系里有个男生，空间做得非常漂亮，什么悬浮，开场动画，音乐播放器，我们女生羡慕得不得了。还邀约他跟我们一起去通宵弄空间，网上可以找到很多免费的flash资源，还有音乐，那也是第一次接触js，知道在浏览器输入一个地址，修改一下数据，就能调用一些背景出来。然后把自己QQ空间弄得漂漂亮亮的，经常邀约室友来互踩。我记得08年地震，第二天晚上，我们寝室的几个人还淡定的在寝室装扮空间呢！\r\n\r\n后来空间收费项目也多了，官方漏洞也修复了，加上临近毕业，又要忙着做毕业设计，就没再打理QQ空间。我知道现在的九零后，零零后，你们肯定没看过《一帘幽梦》，那会儿我也是疯狂追剧，喜欢上紫菱，喜欢上她的网站。想看看她的小世界，而我更想学着做一个她那样的网站。那会儿还天真的以为网上真的有她的网站，百度搜了好些天也没有。\r\n本文很长，记录了我博客建站初到现在的过程，还有我从毕业到现在的一个状态，感谢您的阅读，如果你还是学生，也许你能从此文中，找到我们曾经相似的地方。如果你已经工作，有自己的博客，我想，你并没有忘记当初建立个人博客的初衷吧！\r\n\r\n我的个人博客已经建站有8年的时间了，对它的热爱，一直都是只增未减。回想大学读书的那几年，那会儿非常流行QQ空间，我们寝室的室友还经常邀约去学校的网吧做自己的空间。系里有个男生，空间做得非常漂亮，什么悬浮，开场动画，音乐播放器，我们女生羡慕得不得了。还邀约他跟我们一起去通宵弄空间，网上可以找到很多免费的flash资源，还有音乐，那也是第一次接触js，知道在浏览器输入一个地址，修改一下数据，就能调用一些背景出来。然后把自己QQ空间弄得漂漂亮亮的，经常邀约室友来互踩。我记得08年地震，第二天晚上，我们寝室的几个人还淡定的在寝室装扮空间呢！\r\n\r\n后来空间收费项目也多了，官方漏洞也修复了，加上临近毕业，又要忙着做毕业设计，就没再打理QQ空间。我知道现在的九零后，零零后，你们肯定没看过《一帘幽梦》，那会儿我也是疯狂追剧，喜欢上紫菱，喜欢上她的网站。想看看她的小世界，而我更想学着做一个她那样的网站。那会儿还天真的以为网上真的有她的网站，百度搜了好些天也没有。\r\n', '13', '1', '1');
INSERT INTO `pre_article` VALUES ('2', '作为一个设计师,如果遭到质疑你是否能恪守自己的原则', '个人博客，用来做什么？我刚开始就把它当做一个我吐槽心情的地方，也就相当于一个网络记事本，写上一些关于自己生活工作中的小情小事，也会放上一些照片，音乐。每天工作回家后就能访问自己的网站，一边听着音乐，一边写写文章。', 'admin', null, null, '4567', '本文很长，记录了我博客建站初到现在的过程，还有我从毕业到现在的一个状态，感谢您的阅读，如果你还是学生，也许你能从此文中，找到我们曾经相似的地方。如果你已经工作，有自己的博客，我想，你并没有忘记当初建立个人博客的初衷吧！\r\n\r\n我的个人博客已经建站有8年的时间了，对它的热爱，一直都是只增未减。回想大学读书的那几年，那会儿非常流行QQ空间，我们寝室的室友还经常邀约去学校的网吧做自己的空间。系里有个男生，空间做得非常漂亮，什么悬浮，开场动画，音乐播放器，我们女生羡慕得不得了。还邀约他跟我们一起去通宵弄空间，网上可以找到很多免费的flash资源，还有音乐，那也是第一次接触js，知道在浏览器输入一个地址，修改一下数据，就能调用一些背景出来。然后把自己QQ空间弄得漂漂亮亮的，经常邀约室友来互踩。我记得08年地震，第二天晚上，我们寝室的几个人还淡定的在寝室装扮空间呢！\r\n\r\n后来空间收费项目也多了，官方漏洞也修复了，加上临近毕业，又要忙着做毕业设计，就没再打理QQ空间。我知道现在的九零后，零零后，你们肯定没看过《一帘幽梦》，那会儿我也是疯狂追剧，喜欢上紫菱，喜欢上她的网站。想看看她的小世界，而我更想学着做一个她那样的网站。那会儿还天真的以为网上真的有她的网站，百度搜了好些天也没有。\r\n本文很长，记录了我博客建站初到现在的过程，还有我从毕业到现在的一个状态，感谢您的阅读，如果你还是学生，也许你能从此文中，找到我们曾经相似的地方。如果你已经工作，有自己的博客，我想，你并没有忘记当初建立个人博客的初衷吧！\r\n\r\n我的个人博客已经建站有8年的时间了，对它的热爱，一直都是只增未减。回想大学读书的那几年，那会儿非常流行QQ空间，我们寝室的室友还经常邀约去学校的网吧做自己的空间。系里有个男生，空间做得非常漂亮，什么悬浮，开场动画，音乐播放器，我们女生羡慕得不得了。还邀约他跟我们一起去通宵弄空间，网上可以找到很多免费的flash资源，还有音乐，那也是第一次接触js，知道在浏览器输入一个地址，修改一下数据，就能调用一些背景出来。然后把自己QQ空间弄得漂漂亮亮的，经常邀约室友来互踩。我记得08年地震，第二天晚上，我们寝室的几个人还淡定的在寝室装扮空间呢！\r\n\r\n后来空间收费项目也多了，官方漏洞也修复了，加上临近毕业，又要忙着做毕业设计，就没再打理QQ空间。我知道现在的九零后，零零后，你们肯定没看过《一帘幽梦》，那会儿我也是疯狂追剧，喜欢上紫菱，喜欢上她的网站。想看看她的小世界，而我更想学着做一个她那样的网站。那会儿还天真的以为网上真的有她的网站，百度搜了好些天也没有。\r\n本文很长，记录了我博客建站初到现在的过程，还有我从毕业到现在的一个状态，感谢您的阅读，如果你还是学生，也许你能从此文中，找到我们曾经相似的地方。如果你已经工作，有自己的博客，我想，你并没有忘记当初建立个人博客的初衷吧！\r\n\r\n我的个人博客已经建站有8年的时间了，对它的热爱，一直都是只增未减。回想大学读书的那几年，那会儿非常流行QQ空间，我们寝室的室友还经常邀约去学校的网吧做自己的空间。系里有个男生，空间做得非常漂亮，什么悬浮，开场动画，音乐播放器，我们女生羡慕得不得了。还邀约他跟我们一起去通宵弄空间，网上可以找到很多免费的flash资源，还有音乐，那也是第一次接触js，知道在浏览器输入一个地址，修改一下数据，就能调用一些背景出来。然后把自己QQ空间弄得漂漂亮亮的，经常邀约室友来互踩。我记得08年地震，第二天晚上，我们寝室的几个人还淡定的在寝室装扮空间呢！\r\n\r\n后来空间收费项目也多了，官方漏洞也修复了，加上临近毕业，又要忙着做毕业设计，就没再打理QQ空间。我知道现在的九零后，零零后，你们肯定没看过《一帘幽梦》，那会儿我也是疯狂追剧，喜欢上紫菱，喜欢上她的网站。想看看她的小世界，而我更想学着做一个她那样的网站。那会儿还天真的以为网上真的有她的网站，百度搜了好些天也没有。\r\n', '13', '2', '1');
INSERT INTO `pre_article` VALUES ('3', 'Come on,行动起来吧!我们和时间来一场赛跑!', '个人博客，用来做什么？我刚开始就把它当做一个我吐槽心情的地方，也就相当于一个网络记事本，写上一些关于自己生活工作中的小情小事，也会放上一些照片，音乐。每天工作回家后就能访问自己的网站，一边听着音乐，一边写写文章。', 'admin', null, null, '4567', '本文很长，记录了我博客建站初到现在的过程，还有我从毕业到现在的一个状态，感谢您的阅读，如果你还是学生，也许你能从此文中，找到我们曾经相似的地方。如果你已经工作，有自己的博客，我想，你并没有忘记当初建立个人博客的初衷吧！\r\n\r\n我的个人博客已经建站有8年的时间了，对它的热爱，一直都是只增未减。回想大学读书的那几年，那会儿非常流行QQ空间，我们寝室的室友还经常邀约去学校的网吧做自己的空间。系里有个男生，空间做得非常漂亮，什么悬浮，开场动画，音乐播放器，我们女生羡慕得不得了。还邀约他跟我们一起去通宵弄空间，网上可以找到很多免费的flash资源，还有音乐，那也是第一次接触js，知道在浏览器输入一个地址，修改一下数据，就能调用一些背景出来。然后把自己QQ空间弄得漂漂亮亮的，经常邀约室友来互踩。我记得08年地震，第二天晚上，我们寝室的几个人还淡定的在寝室装扮空间呢！\r\n\r\n后来空间收费项目也多了，官方漏洞也修复了，加上临近毕业，又要忙着做毕业设计，就没再打理QQ空间。我知道现在的九零后，零零后，你们肯定没看过《一帘幽梦》，那会儿我也是疯狂追剧，喜欢上紫菱，喜欢上她的网站。想看看她的小世界，而我更想学着做一个她那样的网站。那会儿还天真的以为网上真的有她的网站，百度搜了好些天也没有。\r\n本文很长，记录了我博客建站初到现在的过程，还有我从毕业到现在的一个状态，感谢您的阅读，如果你还是学生，也许你能从此文中，找到我们曾经相似的地方。如果你已经工作，有自己的博客，我想，你并没有忘记当初建立个人博客的初衷吧！\r\n\r\n我的个人博客已经建站有8年的时间了，对它的热爱，一直都是只增未减。回想大学读书的那几年，那会儿非常流行QQ空间，我们寝室的室友还经常邀约去学校的网吧做自己的空间。系里有个男生，空间做得非常漂亮，什么悬浮，开场动画，音乐播放器，我们女生羡慕得不得了。还邀约他跟我们一起去通宵弄空间，网上可以找到很多免费的flash资源，还有音乐，那也是第一次接触js，知道在浏览器输入一个地址，修改一下数据，就能调用一些背景出来。然后把自己QQ空间弄得漂漂亮亮的，经常邀约室友来互踩。我记得08年地震，第二天晚上，我们寝室的几个人还淡定的在寝室装扮空间呢！\r\n\r\n后来空间收费项目也多了，官方漏洞也修复了，加上临近毕业，又要忙着做毕业设计，就没再打理QQ空间。我知道现在的九零后，零零后，你们肯定没看过《一帘幽梦》，那会儿我也是疯狂追剧，喜欢上紫菱，喜欢上她的网站。想看看她的小世界，而我更想学着做一个她那样的网站。那会儿还天真的以为网上真的有她的网站，百度搜了好些天也没有。\r\n本文很长，记录了我博客建站初到现在的过程，还有我从毕业到现在的一个状态，感谢您的阅读，如果你还是学生，也许你能从此文中，找到我们曾经相似的地方。如果你已经工作，有自己的博客，我想，你并没有忘记当初建立个人博客的初衷吧！\r\n\r\n我的个人博客已经建站有8年的时间了，对它的热爱，一直都是只增未减。回想大学读书的那几年，那会儿非常流行QQ空间，我们寝室的室友还经常邀约去学校的网吧做自己的空间。系里有个男生，空间做得非常漂亮，什么悬浮，开场动画，音乐播放器，我们女生羡慕得不得了。还邀约他跟我们一起去通宵弄空间，网上可以找到很多免费的flash资源，还有音乐，那也是第一次接触js，知道在浏览器输入一个地址，修改一下数据，就能调用一些背景出来。然后把自己QQ空间弄得漂漂亮亮的，经常邀约室友来互踩。我记得08年地震，第二天晚上，我们寝室的几个人还淡定的在寝室装扮空间呢！\r\n\r\n后来空间收费项目也多了，官方漏洞也修复了，加上临近毕业，又要忙着做毕业设计，就没再打理QQ空间。我知道现在的九零后，零零后，你们肯定没看过《一帘幽梦》，那会儿我也是疯狂追剧，喜欢上紫菱，喜欢上她的网站。想看看她的小世界，而我更想学着做一个她那样的网站。那会儿还天真的以为网上真的有她的网站，百度搜了好些天也没有。\r\n', '13', '3', '1');
INSERT INTO `pre_article` VALUES ('4', '或许换一个活法,能让你走出阴霾', '个人博客，用来做什么？我刚开始就把它当做一个我吐槽心情的地方，也就相当于一个网络记事本，写上一些关于自己生活工作中的小情小事，也会放上一些照片，音乐。每天工作回家后就能访问自己的网站，一边听着音乐，一边写写文章。', 'admin', null, null, '4567', '本文很长，记录了我博客建站初到现在的过程，还有我从毕业到现在的一个状态，感谢您的阅读，如果你还是学生，也许你能从此文中，找到我们曾经相似的地方。如果你已经工作，有自己的博客，我想，你并没有忘记当初建立个人博客的初衷吧！\r\n\r\n我的个人博客已经建站有8年的时间了，对它的热爱，一直都是只增未减。回想大学读书的那几年，那会儿非常流行QQ空间，我们寝室的室友还经常邀约去学校的网吧做自己的空间。系里有个男生，空间做得非常漂亮，什么悬浮，开场动画，音乐播放器，我们女生羡慕得不得了。还邀约他跟我们一起去通宵弄空间，网上可以找到很多免费的flash资源，还有音乐，那也是第一次接触js，知道在浏览器输入一个地址，修改一下数据，就能调用一些背景出来。然后把自己QQ空间弄得漂漂亮亮的，经常邀约室友来互踩。我记得08年地震，第二天晚上，我们寝室的几个人还淡定的在寝室装扮空间呢！\r\n\r\n后来空间收费项目也多了，官方漏洞也修复了，加上临近毕业，又要忙着做毕业设计，就没再打理QQ空间。我知道现在的九零后，零零后，你们肯定没看过《一帘幽梦》，那会儿我也是疯狂追剧，喜欢上紫菱，喜欢上她的网站。想看看她的小世界，而我更想学着做一个她那样的网站。那会儿还天真的以为网上真的有她的网站，百度搜了好些天也没有。\r\n本文很长，记录了我博客建站初到现在的过程，还有我从毕业到现在的一个状态，感谢您的阅读，如果你还是学生，也许你能从此文中，找到我们曾经相似的地方。如果你已经工作，有自己的博客，我想，你并没有忘记当初建立个人博客的初衷吧！\r\n\r\n我的个人博客已经建站有8年的时间了，对它的热爱，一直都是只增未减。回想大学读书的那几年，那会儿非常流行QQ空间，我们寝室的室友还经常邀约去学校的网吧做自己的空间。系里有个男生，空间做得非常漂亮，什么悬浮，开场动画，音乐播放器，我们女生羡慕得不得了。还邀约他跟我们一起去通宵弄空间，网上可以找到很多免费的flash资源，还有音乐，那也是第一次接触js，知道在浏览器输入一个地址，修改一下数据，就能调用一些背景出来。然后把自己QQ空间弄得漂漂亮亮的，经常邀约室友来互踩。我记得08年地震，第二天晚上，我们寝室的几个人还淡定的在寝室装扮空间呢！\r\n\r\n后来空间收费项目也多了，官方漏洞也修复了，加上临近毕业，又要忙着做毕业设计，就没再打理QQ空间。我知道现在的九零后，零零后，你们肯定没看过《一帘幽梦》，那会儿我也是疯狂追剧，喜欢上紫菱，喜欢上她的网站。想看看她的小世界，而我更想学着做一个她那样的网站。那会儿还天真的以为网上真的有她的网站，百度搜了好些天也没有。\r\n本文很长，记录了我博客建站初到现在的过程，还有我从毕业到现在的一个状态，感谢您的阅读，如果你还是学生，也许你能从此文中，找到我们曾经相似的地方。如果你已经工作，有自己的博客，我想，你并没有忘记当初建立个人博客的初衷吧！\r\n\r\n我的个人博客已经建站有8年的时间了，对它的热爱，一直都是只增未减。回想大学读书的那几年，那会儿非常流行QQ空间，我们寝室的室友还经常邀约去学校的网吧做自己的空间。系里有个男生，空间做得非常漂亮，什么悬浮，开场动画，音乐播放器，我们女生羡慕得不得了。还邀约他跟我们一起去通宵弄空间，网上可以找到很多免费的flash资源，还有音乐，那也是第一次接触js，知道在浏览器输入一个地址，修改一下数据，就能调用一些背景出来。然后把自己QQ空间弄得漂漂亮亮的，经常邀约室友来互踩。我记得08年地震，第二天晚上，我们寝室的几个人还淡定的在寝室装扮空间呢！\r\n\r\n后来空间收费项目也多了，官方漏洞也修复了，加上临近毕业，又要忙着做毕业设计，就没再打理QQ空间。我知道现在的九零后，零零后，你们肯定没看过《一帘幽梦》，那会儿我也是疯狂追剧，喜欢上紫菱，喜欢上她的网站。想看看她的小世界，而我更想学着做一个她那样的网站。那会儿还天真的以为网上真的有她的网站，百度搜了好些天也没有。\r\n', '13', '4', '1');
INSERT INTO `pre_article` VALUES ('5', '即便是坑，我也想要拉你入伙！', '个人博客，用来做什么？我刚开始就把它当做一个我吐槽心情的地方，也就相当于一个网络记事本，写上一些关于自己生活工作中的小情小事，也会放上一些照片，音乐。每天工作回家后就能访问自己的网站，一边听着音乐，一边写写文章。', 'admin', null, null, '4567', '本文很长，记录了我博客建站初到现在的过程，还有我从毕业到现在的一个状态，感谢您的阅读，如果你还是学生，也许你能从此文中，找到我们曾经相似的地方。如果你已经工作，有自己的博客，我想，你并没有忘记当初建立个人博客的初衷吧！\r\n\r\n我的个人博客已经建站有8年的时间了，对它的热爱，一直都是只增未减。回想大学读书的那几年，那会儿非常流行QQ空间，我们寝室的室友还经常邀约去学校的网吧做自己的空间。系里有个男生，空间做得非常漂亮，什么悬浮，开场动画，音乐播放器，我们女生羡慕得不得了。还邀约他跟我们一起去通宵弄空间，网上可以找到很多免费的flash资源，还有音乐，那也是第一次接触js，知道在浏览器输入一个地址，修改一下数据，就能调用一些背景出来。然后把自己QQ空间弄得漂漂亮亮的，经常邀约室友来互踩。我记得08年地震，第二天晚上，我们寝室的几个人还淡定的在寝室装扮空间呢！\r\n\r\n后来空间收费项目也多了，官方漏洞也修复了，加上临近毕业，又要忙着做毕业设计，就没再打理QQ空间。我知道现在的九零后，零零后，你们肯定没看过《一帘幽梦》，那会儿我也是疯狂追剧，喜欢上紫菱，喜欢上她的网站。想看看她的小世界，而我更想学着做一个她那样的网站。那会儿还天真的以为网上真的有她的网站，百度搜了好些天也没有。\r\n本文很长，记录了我博客建站初到现在的过程，还有我从毕业到现在的一个状态，感谢您的阅读，如果你还是学生，也许你能从此文中，找到我们曾经相似的地方。如果你已经工作，有自己的博客，我想，你并没有忘记当初建立个人博客的初衷吧！\r\n\r\n我的个人博客已经建站有8年的时间了，对它的热爱，一直都是只增未减。回想大学读书的那几年，那会儿非常流行QQ空间，我们寝室的室友还经常邀约去学校的网吧做自己的空间。系里有个男生，空间做得非常漂亮，什么悬浮，开场动画，音乐播放器，我们女生羡慕得不得了。还邀约他跟我们一起去通宵弄空间，网上可以找到很多免费的flash资源，还有音乐，那也是第一次接触js，知道在浏览器输入一个地址，修改一下数据，就能调用一些背景出来。然后把自己QQ空间弄得漂漂亮亮的，经常邀约室友来互踩。我记得08年地震，第二天晚上，我们寝室的几个人还淡定的在寝室装扮空间呢！\r\n\r\n后来空间收费项目也多了，官方漏洞也修复了，加上临近毕业，又要忙着做毕业设计，就没再打理QQ空间。我知道现在的九零后，零零后，你们肯定没看过《一帘幽梦》，那会儿我也是疯狂追剧，喜欢上紫菱，喜欢上她的网站。想看看她的小世界，而我更想学着做一个她那样的网站。那会儿还天真的以为网上真的有她的网站，百度搜了好些天也没有。\r\n本文很长，记录了我博客建站初到现在的过程，还有我从毕业到现在的一个状态，感谢您的阅读，如果你还是学生，也许你能从此文中，找到我们曾经相似的地方。如果你已经工作，有自己的博客，我想，你并没有忘记当初建立个人博客的初衷吧！\r\n\r\n我的个人博客已经建站有8年的时间了，对它的热爱，一直都是只增未减。回想大学读书的那几年，那会儿非常流行QQ空间，我们寝室的室友还经常邀约去学校的网吧做自己的空间。系里有个男生，空间做得非常漂亮，什么悬浮，开场动画，音乐播放器，我们女生羡慕得不得了。还邀约他跟我们一起去通宵弄空间，网上可以找到很多免费的flash资源，还有音乐，那也是第一次接触js，知道在浏览器输入一个地址，修改一下数据，就能调用一些背景出来。然后把自己QQ空间弄得漂漂亮亮的，经常邀约室友来互踩。我记得08年地震，第二天晚上，我们寝室的几个人还淡定的在寝室装扮空间呢！\r\n\r\n后来空间收费项目也多了，官方漏洞也修复了，加上临近毕业，又要忙着做毕业设计，就没再打理QQ空间。我知道现在的九零后，零零后，你们肯定没看过《一帘幽梦》，那会儿我也是疯狂追剧，喜欢上紫菱，喜欢上她的网站。想看看她的小世界，而我更想学着做一个她那样的网站。那会儿还天真的以为网上真的有她的网站，百度搜了好些天也没有。\r\n', '13', '5', '1');
INSERT INTO `pre_article` VALUES ('6', '你好', '个人博客，用来做什么？我刚开始就把它当做一个我吐槽心情的地方，也就相当于一个网络记事本，写上一些关于自己生活工作中的小情小事，也会放上一些照片，音乐。每天工作回家后就能访问自己的网站，一边听着音乐，一边写写文章。', '杨青', null, null, '4567', '本文很长，记录了我博客建站初到现在的过程，还有我从毕业到现在的一个状态，感谢您的阅读，如果你还是学生，也许你能从此文中，找到我们曾经相似的地方。如果你已经工作，有自己的博客，我想，你并没有忘记当初建立个人博客的初衷吧！\r\n\r\n我的个人博客已经建站有8年的时间了，对它的热爱，一直都是只增未减。回想大学读书的那几年，那会儿非常流行QQ空间，我们寝室的室友还经常邀约去学校的网吧做自己的空间。系里有个男生，空间做得非常漂亮，什么悬浮，开场动画，音乐播放器，我们女生羡慕得不得了。还邀约他跟我们一起去通宵弄空间，网上可以找到很多免费的flash资源，还有音乐，那也是第一次接触js，知道在浏览器输入一个地址，修改一下数据，就能调用一些背景出来。然后把自己QQ空间弄得漂漂亮亮的，经常邀约室友来互踩。我记得08年地震，第二天晚上，我们寝室的几个人还淡定的在寝室装扮空间呢！\r\n\r\n后来空间收费项目也多了，官方漏洞也修复了，加上临近毕业，又要忙着做毕业设计，就没再打理QQ空间。我知道现在的九零后，零零后，你们肯定没看过《一帘幽梦》，那会儿我也是疯狂追剧，喜欢上紫菱，喜欢上她的网站。想看看她的小世界，而我更想学着做一个她那样的网站。那会儿还天真的以为网上真的有她的网站，百度搜了好些天也没有。\r\n本文很长，记录了我博客建站初到现在的过程，还有我从毕业到现在的一个状态，感谢您的阅读，如果你还是学生，也许你能从此文中，找到我们曾经相似的地方。如果你已经工作，有自己的博客，我想，你并没有忘记当初建立个人博客的初衷吧！\r\n\r\n我的个人博客已经建站有8年的时间了，对它的热爱，一直都是只增未减。回想大学读书的那几年，那会儿非常流行QQ空间，我们寝室的室友还经常邀约去学校的网吧做自己的空间。系里有个男生，空间做得非常漂亮，什么悬浮，开场动画，音乐播放器，我们女生羡慕得不得了。还邀约他跟我们一起去通宵弄空间，网上可以找到很多免费的flash资源，还有音乐，那也是第一次接触js，知道在浏览器输入一个地址，修改一下数据，就能调用一些背景出来。然后把自己QQ空间弄得漂漂亮亮的，经常邀约室友来互踩。我记得08年地震，第二天晚上，我们寝室的几个人还淡定的在寝室装扮空间呢！\r\n\r\n后来空间收费项目也多了，官方漏洞也修复了，加上临近毕业，又要忙着做毕业设计，就没再打理QQ空间。我知道现在的九零后，零零后，你们肯定没看过《一帘幽梦》，那会儿我也是疯狂追剧，喜欢上紫菱，喜欢上她的网站。想看看她的小世界，而我更想学着做一个她那样的网站。那会儿还天真的以为网上真的有她的网站，百度搜了好些天也没有。\r\n本文很长，记录了我博客建站初到现在的过程，还有我从毕业到现在的一个状态，感谢您的阅读，如果你还是学生，也许你能从此文中，找到我们曾经相似的地方。如果你已经工作，有自己的博客，我想，你并没有忘记当初建立个人博客的初衷吧！\r\n\r\n我的个人博客已经建站有8年的时间了，对它的热爱，一直都是只增未减。回想大学读书的那几年，那会儿非常流行QQ空间，我们寝室的室友还经常邀约去学校的网吧做自己的空间。系里有个男生，空间做得非常漂亮，什么悬浮，开场动画，音乐播放器，我们女生羡慕得不得了。还邀约他跟我们一起去通宵弄空间，网上可以找到很多免费的flash资源，还有音乐，那也是第一次接触js，知道在浏览器输入一个地址，修改一下数据，就能调用一些背景出来。然后把自己QQ空间弄得漂漂亮亮的，经常邀约室友来互踩。我记得08年地震，第二天晚上，我们寝室的几个人还淡定的在寝室装扮空间呢！\r\n\r\n后来空间收费项目也多了，官方漏洞也修复了，加上临近毕业，又要忙着做毕业设计，就没再打理QQ空间。我知道现在的九零后，零零后，你们肯定没看过《一帘幽梦》，那会儿我也是疯狂追剧，喜欢上紫菱，喜欢上她的网站。想看看她的小世界，而我更想学着做一个她那样的网站。那会儿还天真的以为网上真的有她的网站，百度搜了好些天也没有。', '15', '6', '2');
INSERT INTO `pre_article` VALUES ('7', '你好', '个人博客，用来做什么？我刚开始就把它当做一个我吐槽心情的地方，也就相当于一个网络记事本，写上一些关于自己生活工作中的小情小事，也会放上一些照片，音乐。每天工作回家后就能访问自己的网站，一边听着音乐，一边写写文章。', '杨青', null, null, '4567', '本文很长，记录了我博客建站初到现在的过程，还有我从毕业到现在的一个状态，感谢您的阅读，如果你还是学生，也许你能从此文中，找到我们曾经相似的地方。如果你已经工作，有自己的博客，我想，你并没有忘记当初建立个人博客的初衷吧！\r\n\r\n我的个人博客已经建站有8年的时间了，对它的热爱，一直都是只增未减。回想大学读书的那几年，那会儿非常流行QQ空间，我们寝室的室友还经常邀约去学校的网吧做自己的空间。系里有个男生，空间做得非常漂亮，什么悬浮，开场动画，音乐播放器，我们女生羡慕得不得了。还邀约他跟我们一起去通宵弄空间，网上可以找到很多免费的flash资源，还有音乐，那也是第一次接触js，知道在浏览器输入一个地址，修改一下数据，就能调用一些背景出来。然后把自己QQ空间弄得漂漂亮亮的，经常邀约室友来互踩。我记得08年地震，第二天晚上，我们寝室的几个人还淡定的在寝室装扮空间呢！\r\n\r\n后来空间收费项目也多了，官方漏洞也修复了，加上临近毕业，又要忙着做毕业设计，就没再打理QQ空间。我知道现在的九零后，零零后，你们肯定没看过《一帘幽梦》，那会儿我也是疯狂追剧，喜欢上紫菱，喜欢上她的网站。想看看她的小世界，而我更想学着做一个她那样的网站。那会儿还天真的以为网上真的有她的网站，百度搜了好些天也没有。\r\n本文很长，记录了我博客建站初到现在的过程，还有我从毕业到现在的一个状态，感谢您的阅读，如果你还是学生，也许你能从此文中，找到我们曾经相似的地方。如果你已经工作，有自己的博客，我想，你并没有忘记当初建立个人博客的初衷吧！\r\n\r\n我的个人博客已经建站有8年的时间了，对它的热爱，一直都是只增未减。回想大学读书的那几年，那会儿非常流行QQ空间，我们寝室的室友还经常邀约去学校的网吧做自己的空间。系里有个男生，空间做得非常漂亮，什么悬浮，开场动画，音乐播放器，我们女生羡慕得不得了。还邀约他跟我们一起去通宵弄空间，网上可以找到很多免费的flash资源，还有音乐，那也是第一次接触js，知道在浏览器输入一个地址，修改一下数据，就能调用一些背景出来。然后把自己QQ空间弄得漂漂亮亮的，经常邀约室友来互踩。我记得08年地震，第二天晚上，我们寝室的几个人还淡定的在寝室装扮空间呢！\r\n\r\n后来空间收费项目也多了，官方漏洞也修复了，加上临近毕业，又要忙着做毕业设计，就没再打理QQ空间。我知道现在的九零后，零零后，你们肯定没看过《一帘幽梦》，那会儿我也是疯狂追剧，喜欢上紫菱，喜欢上她的网站。想看看她的小世界，而我更想学着做一个她那样的网站。那会儿还天真的以为网上真的有她的网站，百度搜了好些天也没有。\r\n本文很长，记录了我博客建站初到现在的过程，还有我从毕业到现在的一个状态，感谢您的阅读，如果你还是学生，也许你能从此文中，找到我们曾经相似的地方。如果你已经工作，有自己的博客，我想，你并没有忘记当初建立个人博客的初衷吧！\r\n\r\n我的个人博客已经建站有8年的时间了，对它的热爱，一直都是只增未减。回想大学读书的那几年，那会儿非常流行QQ空间，我们寝室的室友还经常邀约去学校的网吧做自己的空间。系里有个男生，空间做得非常漂亮，什么悬浮，开场动画，音乐播放器，我们女生羡慕得不得了。还邀约他跟我们一起去通宵弄空间，网上可以找到很多免费的flash资源，还有音乐，那也是第一次接触js，知道在浏览器输入一个地址，修改一下数据，就能调用一些背景出来。然后把自己QQ空间弄得漂漂亮亮的，经常邀约室友来互踩。我记得08年地震，第二天晚上，我们寝室的几个人还淡定的在寝室装扮空间呢！\r\n\r\n后来空间收费项目也多了，官方漏洞也修复了，加上临近毕业，又要忙着做毕业设计，就没再打理QQ空间。我知道现在的九零后，零零后，你们肯定没看过《一帘幽梦》，那会儿我也是疯狂追剧，喜欢上紫菱，喜欢上她的网站。想看看她的小世界，而我更想学着做一个她那样的网站。那会儿还天真的以为网上真的有她的网站，百度搜了好些天也没有。', '15', '7', '2');
INSERT INTO `pre_article` VALUES ('8', '你好', '个人博客，用来做什么？我刚开始就把它当做一个我吐槽心情的地方，也就相当于一个网络记事本，写上一些关于自己生活工作中的小情小事，也会放上一些照片，音乐。每天工作回家后就能访问自己的网站，一边听着音乐，一边写写文章。', '杨青', null, null, '4567', '本文很长，记录了我博客建站初到现在的过程，还有我从毕业到现在的一个状态，感谢您的阅读，如果你还是学生，也许你能从此文中，找到我们曾经相似的地方。如果你已经工作，有自己的博客，我想，你并没有忘记当初建立个人博客的初衷吧！\r\n\r\n我的个人博客已经建站有8年的时间了，对它的热爱，一直都是只增未减。回想大学读书的那几年，那会儿非常流行QQ空间，我们寝室的室友还经常邀约去学校的网吧做自己的空间。系里有个男生，空间做得非常漂亮，什么悬浮，开场动画，音乐播放器，我们女生羡慕得不得了。还邀约他跟我们一起去通宵弄空间，网上可以找到很多免费的flash资源，还有音乐，那也是第一次接触js，知道在浏览器输入一个地址，修改一下数据，就能调用一些背景出来。然后把自己QQ空间弄得漂漂亮亮的，经常邀约室友来互踩。我记得08年地震，第二天晚上，我们寝室的几个人还淡定的在寝室装扮空间呢！\r\n\r\n后来空间收费项目也多了，官方漏洞也修复了，加上临近毕业，又要忙着做毕业设计，就没再打理QQ空间。我知道现在的九零后，零零后，你们肯定没看过《一帘幽梦》，那会儿我也是疯狂追剧，喜欢上紫菱，喜欢上她的网站。想看看她的小世界，而我更想学着做一个她那样的网站。那会儿还天真的以为网上真的有她的网站，百度搜了好些天也没有。\r\n本文很长，记录了我博客建站初到现在的过程，还有我从毕业到现在的一个状态，感谢您的阅读，如果你还是学生，也许你能从此文中，找到我们曾经相似的地方。如果你已经工作，有自己的博客，我想，你并没有忘记当初建立个人博客的初衷吧！\r\n\r\n我的个人博客已经建站有8年的时间了，对它的热爱，一直都是只增未减。回想大学读书的那几年，那会儿非常流行QQ空间，我们寝室的室友还经常邀约去学校的网吧做自己的空间。系里有个男生，空间做得非常漂亮，什么悬浮，开场动画，音乐播放器，我们女生羡慕得不得了。还邀约他跟我们一起去通宵弄空间，网上可以找到很多免费的flash资源，还有音乐，那也是第一次接触js，知道在浏览器输入一个地址，修改一下数据，就能调用一些背景出来。然后把自己QQ空间弄得漂漂亮亮的，经常邀约室友来互踩。我记得08年地震，第二天晚上，我们寝室的几个人还淡定的在寝室装扮空间呢！\r\n\r\n后来空间收费项目也多了，官方漏洞也修复了，加上临近毕业，又要忙着做毕业设计，就没再打理QQ空间。我知道现在的九零后，零零后，你们肯定没看过《一帘幽梦》，那会儿我也是疯狂追剧，喜欢上紫菱，喜欢上她的网站。想看看她的小世界，而我更想学着做一个她那样的网站。那会儿还天真的以为网上真的有她的网站，百度搜了好些天也没有。\r\n本文很长，记录了我博客建站初到现在的过程，还有我从毕业到现在的一个状态，感谢您的阅读，如果你还是学生，也许你能从此文中，找到我们曾经相似的地方。如果你已经工作，有自己的博客，我想，你并没有忘记当初建立个人博客的初衷吧！\r\n\r\n我的个人博客已经建站有8年的时间了，对它的热爱，一直都是只增未减。回想大学读书的那几年，那会儿非常流行QQ空间，我们寝室的室友还经常邀约去学校的网吧做自己的空间。系里有个男生，空间做得非常漂亮，什么悬浮，开场动画，音乐播放器，我们女生羡慕得不得了。还邀约他跟我们一起去通宵弄空间，网上可以找到很多免费的flash资源，还有音乐，那也是第一次接触js，知道在浏览器输入一个地址，修改一下数据，就能调用一些背景出来。然后把自己QQ空间弄得漂漂亮亮的，经常邀约室友来互踩。我记得08年地震，第二天晚上，我们寝室的几个人还淡定的在寝室装扮空间呢！\r\n\r\n后来空间收费项目也多了，官方漏洞也修复了，加上临近毕业，又要忙着做毕业设计，就没再打理QQ空间。我知道现在的九零后，零零后，你们肯定没看过《一帘幽梦》，那会儿我也是疯狂追剧，喜欢上紫菱，喜欢上她的网站。想看看她的小世界，而我更想学着做一个她那样的网站。那会儿还天真的以为网上真的有她的网站，百度搜了好些天也没有。', '15', '8', '2');
INSERT INTO `pre_article` VALUES ('9', '你好', '个人博客，用来做什么？我刚开始就把它当做一个我吐槽心情的地方，也就相当于一个网络记事本，写上一些关于自己生活工作中的小情小事，也会放上一些照片，音乐。每天工作回家后就能访问自己的网站，一边听着音乐，一边写写文章。', '杨青', null, null, '4567', '本文很长，记录了我博客建站初到现在的过程，还有我从毕业到现在的一个状态，感谢您的阅读，如果你还是学生，也许你能从此文中，找到我们曾经相似的地方。如果你已经工作，有自己的博客，我想，你并没有忘记当初建立个人博客的初衷吧！\r\n\r\n我的个人博客已经建站有8年的时间了，对它的热爱，一直都是只增未减。回想大学读书的那几年，那会儿非常流行QQ空间，我们寝室的室友还经常邀约去学校的网吧做自己的空间。系里有个男生，空间做得非常漂亮，什么悬浮，开场动画，音乐播放器，我们女生羡慕得不得了。还邀约他跟我们一起去通宵弄空间，网上可以找到很多免费的flash资源，还有音乐，那也是第一次接触js，知道在浏览器输入一个地址，修改一下数据，就能调用一些背景出来。然后把自己QQ空间弄得漂漂亮亮的，经常邀约室友来互踩。我记得08年地震，第二天晚上，我们寝室的几个人还淡定的在寝室装扮空间呢！\r\n\r\n后来空间收费项目也多了，官方漏洞也修复了，加上临近毕业，又要忙着做毕业设计，就没再打理QQ空间。我知道现在的九零后，零零后，你们肯定没看过《一帘幽梦》，那会儿我也是疯狂追剧，喜欢上紫菱，喜欢上她的网站。想看看她的小世界，而我更想学着做一个她那样的网站。那会儿还天真的以为网上真的有她的网站，百度搜了好些天也没有。\r\n本文很长，记录了我博客建站初到现在的过程，还有我从毕业到现在的一个状态，感谢您的阅读，如果你还是学生，也许你能从此文中，找到我们曾经相似的地方。如果你已经工作，有自己的博客，我想，你并没有忘记当初建立个人博客的初衷吧！\r\n\r\n我的个人博客已经建站有8年的时间了，对它的热爱，一直都是只增未减。回想大学读书的那几年，那会儿非常流行QQ空间，我们寝室的室友还经常邀约去学校的网吧做自己的空间。系里有个男生，空间做得非常漂亮，什么悬浮，开场动画，音乐播放器，我们女生羡慕得不得了。还邀约他跟我们一起去通宵弄空间，网上可以找到很多免费的flash资源，还有音乐，那也是第一次接触js，知道在浏览器输入一个地址，修改一下数据，就能调用一些背景出来。然后把自己QQ空间弄得漂漂亮亮的，经常邀约室友来互踩。我记得08年地震，第二天晚上，我们寝室的几个人还淡定的在寝室装扮空间呢！\r\n\r\n后来空间收费项目也多了，官方漏洞也修复了，加上临近毕业，又要忙着做毕业设计，就没再打理QQ空间。我知道现在的九零后，零零后，你们肯定没看过《一帘幽梦》，那会儿我也是疯狂追剧，喜欢上紫菱，喜欢上她的网站。想看看她的小世界，而我更想学着做一个她那样的网站。那会儿还天真的以为网上真的有她的网站，百度搜了好些天也没有。\r\n本文很长，记录了我博客建站初到现在的过程，还有我从毕业到现在的一个状态，感谢您的阅读，如果你还是学生，也许你能从此文中，找到我们曾经相似的地方。如果你已经工作，有自己的博客，我想，你并没有忘记当初建立个人博客的初衷吧！\r\n\r\n我的个人博客已经建站有8年的时间了，对它的热爱，一直都是只增未减。回想大学读书的那几年，那会儿非常流行QQ空间，我们寝室的室友还经常邀约去学校的网吧做自己的空间。系里有个男生，空间做得非常漂亮，什么悬浮，开场动画，音乐播放器，我们女生羡慕得不得了。还邀约他跟我们一起去通宵弄空间，网上可以找到很多免费的flash资源，还有音乐，那也是第一次接触js，知道在浏览器输入一个地址，修改一下数据，就能调用一些背景出来。然后把自己QQ空间弄得漂漂亮亮的，经常邀约室友来互踩。我记得08年地震，第二天晚上，我们寝室的几个人还淡定的在寝室装扮空间呢！\r\n\r\n后来空间收费项目也多了，官方漏洞也修复了，加上临近毕业，又要忙着做毕业设计，就没再打理QQ空间。我知道现在的九零后，零零后，你们肯定没看过《一帘幽梦》，那会儿我也是疯狂追剧，喜欢上紫菱，喜欢上她的网站。想看看她的小世界，而我更想学着做一个她那样的网站。那会儿还天真的以为网上真的有她的网站，百度搜了好些天也没有。', '15', '9', '2');
INSERT INTO `pre_article` VALUES ('10', '你好', '个人博客，用来做什么？我刚开始就把它当做一个我吐槽心情的地方，也就相当于一个网络记事本，写上一些关于自己生活工作中的小情小事，也会放上一些照片，音乐。每天工作回家后就能访问自己的网站，一边听着音乐，一边写写文章。', '杨青', null, null, '4567', '本文很长，记录了我博客建站初到现在的过程，还有我从毕业到现在的一个状态，感谢您的阅读，如果你还是学生，也许你能从此文中，找到我们曾经相似的地方。如果你已经工作，有自己的博客，我想，你并没有忘记当初建立个人博客的初衷吧！\r\n\r\n我的个人博客已经建站有8年的时间了，对它的热爱，一直都是只增未减。回想大学读书的那几年，那会儿非常流行QQ空间，我们寝室的室友还经常邀约去学校的网吧做自己的空间。系里有个男生，空间做得非常漂亮，什么悬浮，开场动画，音乐播放器，我们女生羡慕得不得了。还邀约他跟我们一起去通宵弄空间，网上可以找到很多免费的flash资源，还有音乐，那也是第一次接触js，知道在浏览器输入一个地址，修改一下数据，就能调用一些背景出来。然后把自己QQ空间弄得漂漂亮亮的，经常邀约室友来互踩。我记得08年地震，第二天晚上，我们寝室的几个人还淡定的在寝室装扮空间呢！\r\n\r\n后来空间收费项目也多了，官方漏洞也修复了，加上临近毕业，又要忙着做毕业设计，就没再打理QQ空间。我知道现在的九零后，零零后，你们肯定没看过《一帘幽梦》，那会儿我也是疯狂追剧，喜欢上紫菱，喜欢上她的网站。想看看她的小世界，而我更想学着做一个她那样的网站。那会儿还天真的以为网上真的有她的网站，百度搜了好些天也没有。\r\n本文很长，记录了我博客建站初到现在的过程，还有我从毕业到现在的一个状态，感谢您的阅读，如果你还是学生，也许你能从此文中，找到我们曾经相似的地方。如果你已经工作，有自己的博客，我想，你并没有忘记当初建立个人博客的初衷吧！\r\n\r\n我的个人博客已经建站有8年的时间了，对它的热爱，一直都是只增未减。回想大学读书的那几年，那会儿非常流行QQ空间，我们寝室的室友还经常邀约去学校的网吧做自己的空间。系里有个男生，空间做得非常漂亮，什么悬浮，开场动画，音乐播放器，我们女生羡慕得不得了。还邀约他跟我们一起去通宵弄空间，网上可以找到很多免费的flash资源，还有音乐，那也是第一次接触js，知道在浏览器输入一个地址，修改一下数据，就能调用一些背景出来。然后把自己QQ空间弄得漂漂亮亮的，经常邀约室友来互踩。我记得08年地震，第二天晚上，我们寝室的几个人还淡定的在寝室装扮空间呢！\r\n\r\n后来空间收费项目也多了，官方漏洞也修复了，加上临近毕业，又要忙着做毕业设计，就没再打理QQ空间。我知道现在的九零后，零零后，你们肯定没看过《一帘幽梦》，那会儿我也是疯狂追剧，喜欢上紫菱，喜欢上她的网站。想看看她的小世界，而我更想学着做一个她那样的网站。那会儿还天真的以为网上真的有她的网站，百度搜了好些天也没有。\r\n本文很长，记录了我博客建站初到现在的过程，还有我从毕业到现在的一个状态，感谢您的阅读，如果你还是学生，也许你能从此文中，找到我们曾经相似的地方。如果你已经工作，有自己的博客，我想，你并没有忘记当初建立个人博客的初衷吧！\r\n\r\n我的个人博客已经建站有8年的时间了，对它的热爱，一直都是只增未减。回想大学读书的那几年，那会儿非常流行QQ空间，我们寝室的室友还经常邀约去学校的网吧做自己的空间。系里有个男生，空间做得非常漂亮，什么悬浮，开场动画，音乐播放器，我们女生羡慕得不得了。还邀约他跟我们一起去通宵弄空间，网上可以找到很多免费的flash资源，还有音乐，那也是第一次接触js，知道在浏览器输入一个地址，修改一下数据，就能调用一些背景出来。然后把自己QQ空间弄得漂漂亮亮的，经常邀约室友来互踩。我记得08年地震，第二天晚上，我们寝室的几个人还淡定的在寝室装扮空间呢！\r\n\r\n后来空间收费项目也多了，官方漏洞也修复了，加上临近毕业，又要忙着做毕业设计，就没再打理QQ空间。我知道现在的九零后，零零后，你们肯定没看过《一帘幽梦》，那会儿我也是疯狂追剧，喜欢上紫菱，喜欢上她的网站。想看看她的小世界，而我更想学着做一个她那样的网站。那会儿还天真的以为网上真的有她的网站，百度搜了好些天也没有。', '15', '10', '2');
INSERT INTO `pre_article` VALUES ('11', '你好', '个人博客，用来做什么？我刚开始就把它当做一个我吐槽心情的地方，也就相当于一个网络记事本，写上一些关于自己生活工作中的小情小事，也会放上一些照片，音乐。每天工作回家后就能访问自己的网站，一边听着音乐，一边写写文章。', '杨青', null, null, '4567', '本文很长，记录了我博客建站初到现在的过程，还有我从毕业到现在的一个状态，感谢您的阅读，如果你还是学生，也许你能从此文中，找到我们曾经相似的地方。如果你已经工作，有自己的博客，我想，你并没有忘记当初建立个人博客的初衷吧！\r\n\r\n我的个人博客已经建站有8年的时间了，对它的热爱，一直都是只增未减。回想大学读书的那几年，那会儿非常流行QQ空间，我们寝室的室友还经常邀约去学校的网吧做自己的空间。系里有个男生，空间做得非常漂亮，什么悬浮，开场动画，音乐播放器，我们女生羡慕得不得了。还邀约他跟我们一起去通宵弄空间，网上可以找到很多免费的flash资源，还有音乐，那也是第一次接触js，知道在浏览器输入一个地址，修改一下数据，就能调用一些背景出来。然后把自己QQ空间弄得漂漂亮亮的，经常邀约室友来互踩。我记得08年地震，第二天晚上，我们寝室的几个人还淡定的在寝室装扮空间呢！\r\n\r\n后来空间收费项目也多了，官方漏洞也修复了，加上临近毕业，又要忙着做毕业设计，就没再打理QQ空间。我知道现在的九零后，零零后，你们肯定没看过《一帘幽梦》，那会儿我也是疯狂追剧，喜欢上紫菱，喜欢上她的网站。想看看她的小世界，而我更想学着做一个她那样的网站。那会儿还天真的以为网上真的有她的网站，百度搜了好些天也没有。\r\n本文很长，记录了我博客建站初到现在的过程，还有我从毕业到现在的一个状态，感谢您的阅读，如果你还是学生，也许你能从此文中，找到我们曾经相似的地方。如果你已经工作，有自己的博客，我想，你并没有忘记当初建立个人博客的初衷吧！\r\n\r\n我的个人博客已经建站有8年的时间了，对它的热爱，一直都是只增未减。回想大学读书的那几年，那会儿非常流行QQ空间，我们寝室的室友还经常邀约去学校的网吧做自己的空间。系里有个男生，空间做得非常漂亮，什么悬浮，开场动画，音乐播放器，我们女生羡慕得不得了。还邀约他跟我们一起去通宵弄空间，网上可以找到很多免费的flash资源，还有音乐，那也是第一次接触js，知道在浏览器输入一个地址，修改一下数据，就能调用一些背景出来。然后把自己QQ空间弄得漂漂亮亮的，经常邀约室友来互踩。我记得08年地震，第二天晚上，我们寝室的几个人还淡定的在寝室装扮空间呢！\r\n\r\n后来空间收费项目也多了，官方漏洞也修复了，加上临近毕业，又要忙着做毕业设计，就没再打理QQ空间。我知道现在的九零后，零零后，你们肯定没看过《一帘幽梦》，那会儿我也是疯狂追剧，喜欢上紫菱，喜欢上她的网站。想看看她的小世界，而我更想学着做一个她那样的网站。那会儿还天真的以为网上真的有她的网站，百度搜了好些天也没有。\r\n本文很长，记录了我博客建站初到现在的过程，还有我从毕业到现在的一个状态，感谢您的阅读，如果你还是学生，也许你能从此文中，找到我们曾经相似的地方。如果你已经工作，有自己的博客，我想，你并没有忘记当初建立个人博客的初衷吧！\r\n\r\n我的个人博客已经建站有8年的时间了，对它的热爱，一直都是只增未减。回想大学读书的那几年，那会儿非常流行QQ空间，我们寝室的室友还经常邀约去学校的网吧做自己的空间。系里有个男生，空间做得非常漂亮，什么悬浮，开场动画，音乐播放器，我们女生羡慕得不得了。还邀约他跟我们一起去通宵弄空间，网上可以找到很多免费的flash资源，还有音乐，那也是第一次接触js，知道在浏览器输入一个地址，修改一下数据，就能调用一些背景出来。然后把自己QQ空间弄得漂漂亮亮的，经常邀约室友来互踩。我记得08年地震，第二天晚上，我们寝室的几个人还淡定的在寝室装扮空间呢！\r\n\r\n后来空间收费项目也多了，官方漏洞也修复了，加上临近毕业，又要忙着做毕业设计，就没再打理QQ空间。我知道现在的九零后，零零后，你们肯定没看过《一帘幽梦》，那会儿我也是疯狂追剧，喜欢上紫菱，喜欢上她的网站。想看看她的小世界，而我更想学着做一个她那样的网站。那会儿还天真的以为网上真的有她的网站，百度搜了好些天也没有。', '15', '10', '3');
INSERT INTO `pre_article` VALUES ('12', '连载小说：', '12312', '123', '1564473632', null, '12312', '<p>12w2112w21312312312312w1212312312445365632313123123</p><p>123123123123123</p><p>12312312312312</p>', '123123', '1', '2');

-- ----------------------------
-- Table structure for pre_cate
-- ----------------------------
DROP TABLE IF EXISTS `pre_cate`;
CREATE TABLE `pre_cate` (
  `cate_id` int(11) unsigned NOT NULL AUTO_INCREMENT,
  `cate_name` varchar(50) NOT NULL,
  PRIMARY KEY (`cate_id`)
) ENGINE=MyISAM AUTO_INCREMENT=7 DEFAULT CHARSET=utf8;

-- ----------------------------
-- Records of pre_cate
-- ----------------------------
INSERT INTO `pre_cate` VALUES ('1', '利物浦');
INSERT INTO `pre_cate` VALUES ('2', '曼城');
INSERT INTO `pre_cate` VALUES ('3', '切尔西');
INSERT INTO `pre_cate` VALUES ('4', '曼联');
INSERT INTO `pre_cate` VALUES ('5', '阿森纳');
INSERT INTO `pre_cate` VALUES ('6', '热刺');

-- ----------------------------
-- Table structure for pre_link
-- ----------------------------
DROP TABLE IF EXISTS `pre_link`;
CREATE TABLE `pre_link` (
  `link_id` int(11) unsigned NOT NULL AUTO_INCREMENT,
  `link_name` varchar(11) DEFAULT NULL,
  `link` varchar(255) DEFAULT NULL,
  PRIMARY KEY (`link_id`)
) ENGINE=MyISAM AUTO_INCREMENT=4 DEFAULT CHARSET=utf8;

-- ----------------------------
-- Records of pre_link
-- ----------------------------
INSERT INTO `pre_link` VALUES ('1', '新浪', 'https://www.sina.com.cn/');
INSERT INTO `pre_link` VALUES ('2', '百度', 'https://www.baidu.com');
INSERT INTO `pre_link` VALUES ('3', '网易', 'https://www.163.com/');
